fid,POINT_X,POINT_Y,Video_file,Merged_1
"1",-151.168061201,59.7071798634,KBAY_2016_07_16_GOPR0_0_clip-2.mp4,-39.05017
"2",-151.591843915,59.511130762,KBAY_2016_07_12_004_clip-1.mp4,-97.08218
"3",-151.374372885,59.5666274748,KBAY_2016_07_12_006_clip-2.mp4,-99.07836
"4",-151.529956648,59.4883307572,KBAY_2016_07_12_008_clip-3.mp4,-79.42891
"5",-151.70956044,59.5357640506,KBAY_2016_07_13_024_clip-1.mp4,-78.40865
"6",-151.367843542,59.610044966,KBAY_2016_07_14_GOPRO_028_clip-1.mp4,-62.35477
"7",-151.649142896,59.5011643783,KBAY_2016_07_10_033_clip-1.mp4,-63.23009
"8",-151.875834179,59.4443827154,KBAY_2016_07_11_037_clip-1.mp4,-49.59106
"9",-151.661900696,59.5180134702,KBAY_2016_07_13_046_clip-2.mp4,-104.72357
"10",-151.856525106,59.4597480373,KBAY_2016_07_11_051_clip-2.mp4,-61.20502
"11",-151.684674179,59.5305978441,KBAY_2016_07_13_052_clip-3.mp4,-87.74979
"12",-151.811067527,59.4834853865,KBAY_2016_07_11_056_clip-3.mp4,-63.08783
"13",-151.658487329,59.5344539866,KBAY_2016_07_12_067_clip-4.mp4,-87.45332
"14",-151.512794662,59.5439060761,KBAY_2016_07_12_070_clip-5.mp4,-78.9248
"15",-151.834695796,59.471497123,KBAY_2016_07_11_076_clip-4.mp4,-49.937
"16",-151.630625346,59.5225285975,KBAY_2016_07_12_082_clip-6.mp4,-108.69484
"17",-151.622830695,59.5063516415,KBAY_2016_07_13_086_clip-4.mp4,-99.12286
"18",-151.751734329,59.5623859897,KBAY_2016_07_13_095_clip-5.mp4,-80.4263
"19",-151.071358884,59.7431560686,KBAY_2016_07_17_101_clip-1.mp4,-22.69814
"20",-151.108019866,59.7367772712,KBAY_2016_07_17_102_clip-2.mp4,-31.75573
"21",-151.041097005,59.7311107238,KBAY_2016_07_17_106_clip-3.mp4,-12.03256
"22",-151.078607367,59.7368970165,KBAY_2016_07_17_109_clip-4.mp4,-36.97903
"23",-151.028372771,59.7228150775,KBAY_2016_07_17_112_clip-5.mp4,1.08586
"24",-151.120320134,59.7302705304,KBAY_2016_07_17_113_clip-6.mp4,-39.48011
"25",-151.076541685,59.7224360924,KBAY_2016_07_17_115_clip-7.mp4,-18.87623
"26",-151.053607596,59.744477491,KBAY_2016_07_17_118_clip-8.mp4,-18.46867
"27",-151.036284825,59.7208616033,KBAY_2016_07_17_119_clip-9.mp4,-11.4463
"28",-151.401088531,59.5067628077,KBAY_2016_07_18_GOPR0_126_clip-7.mp4,-12.93045
"29",-151.713649505,59.4780315553,KBAY_2016_07_10_134_clip-2.mp4,-12.01915
"30",-151.779801916,59.5451266052,KBAY_2016_07_13_137_clip-6.mp4,-61.06814
"31",-151.18972239,59.599092244,KBAY_2016_07_16_GOPR0_140_clip-3.mp4,-31.40183
"32",-151.419958487,59.5520420461,KBAY_2016_07_12_142_clip-11.mp4,-14.5869
"33",-151.903647154,59.4049824786,KBAY_2016_07_11_143_clip-7.mp4,-17.97594
"34",-151.337896146,59.4326693495,KBAY_2016_07_18_GOPR0_146_clip-8.mp4,-65.29762
"35",-151.830745488,59.4431460123,KBAY_2016_07_11_148_clip-8.mp4,-19.95137
"36",-151.706897459,59.4740422311,KBAY_2016_07_10_150_clip-3.mp4,-9.14717
"37",-151.662698736,59.4876550729,KBAY_2016_07_10_152_clip-4.mp4,-13.73504
"38",-151.242155287,59.6005317181,KBAY_GOPR0_2016_07_20_159_clip-1.mp4,-2.78847
"39",-151.131055926,59.6932245294,KBAY_2016_07_16_GOPR0_160_clip-4.mp4,-46.72047
"40",-151.711088075,59.4808170469,KBAY_2016_07_10_161_clip-5.mp4,-13.62818
"41",-151.716293762,59.4833857379,KBAY_2016_07_10_169_clip-6.mp4,-18.6074
"42",-151.50906965,59.4823447486,KBAY_2016_07_10_173_clip-7.mp4,-32.7426
"43",-151.286307549,59.5768117889,KBAY_2016_07_17_176_clip-10.mp4,-13.99485
"44",-151.891763808,59.413171624,KBAY_2016_07_11_181_clip-9.mp4,-7.24671
"45",-151.426260992,59.5947089658,KBAY_2016_07_14_GOPRO_187_clip-4.mp4,-27.36998
"46",-151.898430781,59.4231978076,KBAY_2016_07_11_190_clip-10.mp4,-25.99855
"47",-151.679876713,59.4769384888,KBAY_2016_07_10_191_clip-8.mp4,-7.15556
"48",-151.470137043,59.58567772,KBAY_2016_07_14_GOPRO_193_clip-5.mp4,-47.76101
"49",-151.213287409,59.5920329685,KBAY_2016_07_16_GOPR0_197_clip-5.mp4,-0.49997
"50",-151.451678803,59.5089226227,KBAY_GOPR0_2016_07_19_210_clip-1.mp4,-31.26162
"51",-151.508621685,59.4861338889,KBAY_2016_07_10_216_clip-9.mp4,-14.26047
"52",-151.185888352,59.6647870027,KBAY_GOPR0_2016_07_20_219_clip-2.mp4,-48.82112
"53",-151.077219003,59.7325354811,KBAY_2016_07_17_223_clip-11.mp4,-45.67869
"54",-151.129221965,59.7175495896,KBAY_2016_07_17_227_clip-12.mp4,-64.58969
"55",-151.722941757,59.4806258293,KBAY_2016_07_10_229_clip-10.mp4,-16.71561
"56",-151.405516508,59.5106964893,KBAY_GOPR0_2016_07_19_233_clip-2.mp4,-48.82915
"57",-151.455541737,59.5283080103,KBAY_2016_07_12_240_clip-12.mp4,-38.84141
"58",-151.715784992,59.480760184,KBAY_2016_07_10_241_clip-11.mp4,-14.58609
"59",-151.451226658,59.5483637306,KBAY_2016_07_12_243_clip-13.mp4,-34.59308
"60",-151.273708373,59.579924992,KBAY_2016_07_17_244_clip-13.mp4,-25.42573
"61",-151.72297467,59.429836928,KBAY_2016_07_11_245_clip-11.mp4,-10.39081
"62",-151.364156274,59.4344621214,KBAY_2016_07_18_GOPR0_247_clip-10.mp4,-18.99511
"63",-151.76292121,59.5513149506,KBAY_2016_07_13_250_clip-8.mp4,-70.35242
"64",-151.750603086,59.5517139413,KBAY_2016_07_13_257_clip-9.mp4,-65.70872
"65",-151.422223417,59.508042059,KBAY_GOPR0_2016_07_19_259_clip-3.mp4,-65.23449
"66",-151.413961165,59.4649836024,KBAY_2016_07_18_GOPR0_260_clip-11.mp4,-24.99903
"67",-151.453488423,59.5330734606,KBAY_2016_07_12_262_clip-14.mp4,-8.28424
"68",-151.448625771,59.4747692193,KBAY_2016_07_18_GOPR0_270_clip-12.mp4,-38.4679
"69",-151.375261868,59.4995479478,KBAY_GOPR0_2016_07_19_271_clip-4.mp4,-30.97137
"70",-151.692451587,59.4764919866,KBAY_2016_07_10_275_clip-12.mp4,-7.11983
"71",-151.761148808,59.4900334631,KBAY_2016_07_10_278_clip-13.mp4,-37.26995
"72",-151.465265876,59.5140625969,KBAY_2016_07_12_282_clip-15.mp4,-44.44576
"73",-151.276174028,59.5731490022,KBAY_2016_07_17_283_clip-14.mp4,-9.72747
"74",-151.263250651,59.6510265328,KBAY_2016_07_14_GOPRO_289_clip-6.mp4,-48.09185
"75",-151.729802897,59.4357681525,KBAY_2016_07_11_291_clip-12.mp4,-4.38958
"76",-151.633991606,59.4860928086,KBAY_2016_07_10_292_clip-14.mp4,-4.77453
"77",-151.362331408,59.5634846807,KBAY_2016_07_12_298_clip-16.mp4,-5.10857
"78",-151.245254347,59.6943853742,KBAY_2016_07_16_GOPR0_299_clip-6.mp4,-4.6353
"79",-151.395918948,59.5556837474,KBAY_2016_07_12_303_clip-17.mp4,-8.40256
"80",-151.226104515,59.6223797182,KBAY_GOPR0_2016_07_20_304_clip-3.mp4,-47.91706
"81",-151.437956596,59.5522853159,KBAY_2016_07_12_305_clip-18.mp4,-35.8633
"82",-151.136278945,59.7318793141,KBAY_2016_07_17_308_clip-15.mp4,-9.69969
"83",-151.20839268,59.5924113934,KBAY_2016_07_16_GOPR0_316_clip-7.mp4,-16.19568
"84",-151.287588432,59.676878862,KBAY_2016_07_14_GOPRO_322_clip-7.mp4,-6.1508
"85",-151.322929397,59.5755717802,KBAY_GOPR0_2016_07_20_323_clip-4.mp4,-1.99919
"86",-151.260810763,59.5959474047,KBAY_GOPR0_2016_07_20_325_clip-5.mp4,-0.16959
"87",-151.245538624,59.685382288,KBAY_2016_07_16_GOPR0_327_clip-8.mp4,-7.0858
"88",-151.177234608,59.7083022016,KBAY_2016_07_16_GOPR0_328_clip-9.mp4,-16.8092
"89",-151.467602392,59.5906532268,KBAY_2016_07_14_GOPRO_330_clip-8.mp4,-18.37357
"90",-151.233806641,59.680608744,KBAY_2016_07_16_GOPR0_331_clip-10.mp4,-12.76922
"91",-151.275839142,59.5641521152,KBAY_GOPR0_2016_07_20_332_clip-6.mp4,0.09573
"92",-151.156186564,59.7211533096,KBAY_2016_07_17_333_clip-16.mp4,-10.612
"93",-151.031440481,59.7189644774,KBAY_2016_07_17_334_clip-17.mp4,-20.39043
"94",-151.411543507,59.5560123311,KBAY_2016_07_12_335_clip-19.mp4,-17.38439
"95",-151.025273623,59.7192762741,KBAY_2016_07_17_336_clip-18.mp4,-21.60248
"96",-151.629546367,59.4898954402,KBAY_2016_07_10_338_clip-15.mp4,-10.65409
"97",-151.804202367,59.3562980219,KBAY_2016_07_11_339_clip-13.mp4,-5.61172
"98",-151.467646853,59.5928845522,KBAY_2016_07_14_GOPRO_341_clip-9.mp4,-15.03965
"99",-151.386645148,59.4478927583,KBAY_2016_07_18_342_clip-1.mp4,-17.26755
"100",-151.594984234,59.4784999705,KBAY_2016_07_10_344_clip-16.mp4,-5.143
"101",-151.149586848,59.7284925806,KBAY_2016_07_17_346_clip-19.mp4,-4.87808
"102",-151.378393377,59.6471743125,KBAY_2016_07_14_GOPRO_350_clip-10.mp4,-8.4076
"103",-151.453464542,59.5441062084,KBAY_2016_07_12_354_clip-20.mp4,-19.84719
"104",-151.211160099,59.7019566639,KBAY_2016_07_16_GOPR0_357_clip-11.mp4,-5.38227
"105",-151.41867738,59.6211682187,KBAY_2016_07_14_GOPRO_358_clip-11.mp4,-11.5522
"106",-151.237290827,59.6685786396,KBAY_2016_07_16_GOPR0_359_clip-12.mp4,-39.62746
"107",-151.303765215,59.5678968912,KBAY_GOPR0_2016_07_20_361_clip-7.mp4,-2.24811
"108",-151.891917403,59.4203732644,KBAY_2016_07_11_362_clip-14.mp4,-20.18313
"109",-151.144202879,59.7332392847,KBAY_2016_07_17_363_clip-20.mp4,-4.15109
"110",-151.054555045,59.7463005912,KBAY_2016_07_17_365_clip-21.mp4,-2.36648
"111",-151.247831077,59.6654519119,KBAY_2016_07_16_GOPR0_369_clip-13.mp4,-27.11356
"112",-151.524864273,59.4592630034,KBAY_2016_07_10_371_clip-17.mp4,-3.95902
"113",-151.22603704,59.6078524516,KBAY_GOPR0_2016_07_20_376_clip-8.mp4,-30.16736
"114",-151.194950831,59.7133796072,KBAY_2016_07_16_GOPR0_377_clip-14.mp4,-4.00906
"115",-151.135675886,59.7211230843,KBAY_2016_07_17_378_clip-22.mp4,-45.19873
"116",-151.873955747,59.3757168017,KBAY_2016_07_11_381_clip-15.mp4,-10.45317
"117",-151.3281169,59.6642359522,KBAY_2016_07_14_GOPRO_387_clip-12.mp4,-6.62156
"118",-151.323883616,59.5849232992,KBAY_2016_07_17_390_clip-23.mp4,-26.81573
"119",-151.142024986,59.7048478221,KBAY_2016_07_16_GOPR0_393_clip-15.mp4,-67.88654
"120",-151.733749251,59.4943452632,KBAY_2016_07_10_395_clip-18.mp4,-37.69885
"121",-151.653257089,59.5305932524,KBAY_2016_07_12_398_clip-21.mp4,-98.8791
"122",-151.893423238,59.4382007939,KBAY_2016_07_11_399_clip-16.mp4,-44.64607
"123",-151.547261633,59.5074463978,KBAY_2016_07_16_GOPR0_401_clip-16.mp4,-49.80938
"124",-151.448498771,59.5550629673,KBAY_2016_07_12_402_clip-22.mp4,-58.9876
"125",-151.409163857,59.4531541351,KBAY_2016_07_18_GOPR0_403_clip-13.mp4,-95.49577
"126",-151.905199753,59.445369265,KBAY_2016_07_11_412_clip-17.mp4,-46.88577
"127",-151.550264585,59.5084363916,KBAY_2016_07_16_GOPR0_413_clip-17.mp4,-54.08752
"128",-151.546108802,59.5024421232,KBAY_2016_07_16_GOPR0_414_clip-18.mp4,-71.24734
"129",-151.43723657,59.4630100423,KBAY_2016_07_18_GOPR0_419_clip-14.mp4,-30.11656
"130",-151.562228351,59.4909427907,KBAY_2016_07_10_421_clip-19.mp4,-50.16311
"131",-151.79659076,59.4865881488,KBAY_2016_07_11_423_clip-18.mp4,-59.77622
"132",-151.552903811,59.507398362,KBAY_2016_07_16_GOPR0_426_clip-19.mp4,-46.47732
"133",-151.858444056,59.3618614019,KBAY_2016_07_11_433_clip-19.mp4,-28.31771
"134",-151.491997383,59.5694041523,KBAY_2016_07_13_434_clip-10.mp4,-117.44242
"135",-151.433828533,59.5565911062,KBAY_2016_07_12_435_clip-23.mp4,-97.23266
"136",-151.526814498,59.4850927259,KBAY_2016_07_10_439_clip-20.mp4,-28.05858
"137",-151.40631585,59.4632398188,KBAY_2016_07_18_GOPR0_440_clip-15.mp4,-6.73896
"138",-151.836371466,59.3576309586,KBAY_2016_07_11_441_clip-20.mp4,-23.15112
"139",-151.355970137,59.5678925881,KBAY_2016_07_12_442_clip-24.mp4,-19.01137
"140",-151.283541589,59.574580307,KBAY_2016_07_17_447_clip-24.mp4,-17.3722
"141",-151.069082575,59.7309322781,KBAY_2016_07_17_454_clip-25.mp4,-35.83003
"142",-151.826490887,59.3522251349,KBAY_2016_07_11_455_clip-21.mp4,-21.8341
"143",-151.495231525,59.5480793171,KBAY_2016_07_12_462_clip-25.mp4,-69.45232
"144",-151.521295997,59.48687097,KBAY_2016_07_10_467_clip-21.mp4,-49.01262
"145",-151.649330152,59.4993412485,KBAY_2016_07_10_468_clip-22.mp4,-41.74908
"146",-151.523992564,59.4725600859,KBAY_2016_07_10_469_clip-23.mp4,-13.48475
"147",-151.430256252,59.4611625956,KBAY_2016_07_18_GOPR0_473_clip-16.mp4,-72.44509
"148",-151.863341592,59.3664200712,KBAY_2016_07_11_475_clip-22.mp4,-27.48324
"149",-151.683589341,59.499609128,KBAY_2016_07_10_476_clip-24.mp4,-64.92808
"150",-151.423934889,59.5120579027,KBAY_GOPR0_2016_07_19_479_clip-5.mp4,-62.68677
"151",-151.812491061,59.4771414175,KBAY_2016_07_11_480_clip-23.mp4,-53.22438
"152",-151.5558052,59.4878046919,KBAY_2016_07_10_484_clip-25.mp4,-42.79888
"153",-151.753500897,59.4772975829,KBAY_2016_07_10_488_clip-26.mp4,-26.37715
"154",-151.593305253,59.5978794509,KBAY_2016_07_13_499_clip-11.mp4,-27.04198
"155",-151.515689628,59.4775629816,KBAY_2016_07_10_500_clip-27.mp4,-9.26654
"156",-151.560577186,59.6139745053,KBAY_2016_07_13_501_clip-12.mp4,-11.80717
"157",-151.117510538,59.6998380352,KBAY_2016_07_16_GOPR0_505_clip-20.mp4,-36.63681
"158",-151.524683744,59.5935627512,KBAY_2016_07_13_512_clip-13.mp4,-18.39927
"159",-151.528246539,59.590208228,KBAY_2016_07_14_GOPRO_515_clip-13.mp4,-31.68113
"160",-151.134165796,59.6715994349,KBAY_GOPR0_2016_07_20_516_clip-9.mp4,-21.21523
"161",-151.135404166,59.6815970853,KBAY_GOPR0_2016_07_20_523_clip-10.mp4,-36.58793
"162",-151.592351871,59.6160262684,KBAY_2016_07_13_532_clip-14.mp4,-15.1816
"163",-151.532442002,59.5871134937,KBAY_2016_07_14_GOPRO_536_clip-14.mp4,-43.48665
"164",-151.566968077,59.4730876239,KBAY_2016_07_10_541_clip-28.mp4,-5.56398
"165",-151.616214744,59.6299201432,KBAY_2016_07_13_542_clip-15.mp4,-10.81204
"166",-151.194590097,59.6533521646,KBAY_GOPR0_2016_07_20_543_clip-11.mp4,-5.02178
"167",-151.705710657,59.4965426677,KBAY_2016_07_10_546_clip-29.mp4,-48.52713
"168",-151.591072294,59.6207789268,KBAY_2016_07_13_548_clip-16.mp4,-14.36123
"169",-151.181054805,59.6586462936,KBAY_GOPR0_2016_07_20_549_clip-12.mp4,-8.53367
"170",-151.354475797,59.4766945905,KBAY_2016_07_18_GOPR0_559_clip-17.mp4,-54.64986
"171",-151.539818118,59.6043669648,KBAY_2016_07_13_564_clip-17.mp4,-14.85168
"172",-151.361928616,59.4791071236,KBAY_2016_07_18_GOPR0_567_clip-18.mp4,-53.21404
"173",-151.092191423,59.7400459117,KBAY_2016_07_17_569_clip-26.mp4,-18.19888
"174",-151.522398428,59.4578537139,KBAY_2016_07_10_571_clip-30.mp4,-3.0545
"175",-151.57720969,59.5865667417,KBAY_2016_07_14_GOPRO_574_clip-15.mp4,-39.47755
"176",-151.458536712,59.5251383665,KBAY_2016_07_12_575_clip-26.mp4,-54.69585
"177",-151.129887678,59.6811267525,KBAY_GOPR0_2016_07_20_580_clip-14.mp4,-9.51491
"178",-151.487664216,59.4982068682,KBAY_2016_07_12_581_clip-27.mp4,-15.73735
"179",-151.451168878,59.4687909086,KBAY_2016_07_18_GOPR0_590_clip-19.mp4,-32.00019
"180",-151.608475893,59.492437081,KBAY_2016_07_10_595_clip-31.mp4,-25.276
"181",-151.744837408,59.4712393522,KBAY_2016_07_10_597_clip-32.mp4,-22.54179
"182",-151.564786477,59.6047640124,KBAY_2016_07_13_599_clip-18.mp4,-19.83685
"183",-151.396143303,59.6313972301,KBAY_2016_07_14_GOPRO_601_clip-16.mp4,-17.69243
"184",-151.305906757,59.6656729704,KBAY_2016_07_14_GOPRO_604_clip-17.mp4,-12.01891
"185",-151.560251787,59.469048963,KBAY_2016_07_10_606_clip-33.mp4,-8.877
"186",-151.349544597,59.6534843349,KBAY_2016_07_14_GOPRO_610_clip-18.mp4,-14.70697
"187",-151.623643606,59.5913588372,KBAY_2016_07_13_614_clip-19.mp4,-34.10902
"188",-151.715866981,59.4916427819,KBAY_2016_07_10_619_clip-34.mp4,-29.44037
"189",-151.483259896,59.4963863843,KBAY_2016_07_12_620_clip-28.mp4,-29.69577
"190",-151.25794416,59.6666015325,KBAY_2016_07_14_GOPRO_621_clip-19.mp4,-17.77817
"191",-151.620670014,59.5876115904,KBAY_2016_07_13_625_clip-20.mp4,-37.00473
"192",-151.488512453,59.4811085363,KBAY_2016_07_18_627_clip-3.mp4,-22.99929
"193",-151.345760621,59.6314072811,KBAY_2016_07_14_GOPRO_629_clip-20.mp4,-45.8015
"194",-151.923816707,59.4368291715,KBAY_2016_07_11_630_clip-24.mp4,-43.39268
"195",-151.64215187,59.5821126937,KBAY_2016_07_13_631_clip-21.mp4,-42.82537
"196",-151.594413415,59.4875063769,KBAY_2016_07_10_632_clip-35.mp4,-27.06678
"197",-151.530610102,59.594446572,KBAY_2016_07_13_634_clip-22.mp4,-18.76931
"198",-151.61369079,59.4894503194,KBAY_2016_07_10_638_clip-36.mp4,-15.11221
"199",-151.867970577,59.3610379647,KBAY_2016_07_11_641_clip-25.mp4,-27.52678
"200",-151.873638015,59.3648482474,KBAY_2016_07_11_643_clip-26.mp4,-32.7421
"201",-151.850870613,59.3581840004,KBAY_2016_07_11_644_clip-27.mp4,-28.77205
"202",-151.840691128,59.3600216696,KBAY_2016_07_11_645_clip-28.mp4,-26.39585
"203",-151.820077833,59.3504328373,KBAY_2016_07_11_647_clip-29.mp4,-18.63329
"204",-151.821556556,59.3539399763,KBAY_2016_07_11_648_clip-30.mp4,-22.27244
"205",-151.800508667,59.3532619059,KBAY_2016_07_11_649_clip-31.mp4,-20.46204
"206",-151.796270545,59.3512358234,KBAY_2016_07_11_650_clip-32.mp4,-19.19559
"207",-151.795442093,59.3453718991,KBAY_2016_07_11_651_clip-33.mp4,-18.43487
"208",-151.790870947,59.3430760672,KBAY_2016_07_11_653_clip-34.mp4,-16.52859
"209",-151.724916562,59.4260651504,KBAY_2016_07_11_672_clip-35.mp4,-18.01145
"210",-151.730932513,59.4255474147,KBAY_2016_07_11_673_clip-36.mp4,-14.33317
"211",-151.585185603,59.5414704899,KBAY_2016_07_12_678_clip-29.mp4,-110.38464
"212",-151.491003423,59.5423441843,KBAY_2016_07_12_681_clip-30.mp4,-58.07167
"213",-151.474733789,59.5279695307,KBAY_2016_07_12_684_clip-31.mp4,-39.79317
"214",-151.469632661,59.5310535386,KBAY_2016_07_12_685_clip-32.mp4,-70.6619
"215",-151.346175808,59.4697985274,KBAY_2016_07_18_GOPR0_698_clip-20.mp4,-23.23696
"216",-151.352566524,59.4701659893,KBAY_2016_07_18_699_clip-4.mp4,-27.6821
"217",-151.3434901,59.4709410912,KBAY_2016_07_18_GOPR0_702_clip-21.mp4,-5.2018
"218",-151.810160792,59.3533355332,KBAY_2016_07_11_721_clip-37.mp4,-23.35102
"219",-151.804939814,59.3520615386,KBAY_2016_07_11_722_clip-38.mp4,-22.7802
"220",-151.831128466,59.3563771185,KBAY_2016_07_11_723_clip-39.mp4,-24.46361
"221",-151.3034495,59.5827570659,KBAY_2016_07_17_770_clip-27.mp4,-53.00543
"222",-151.53108335,59.4629035131,KBAY_GOPR0_2016_07_19_800_clip-6.mp4,-4.94593
"223",-151.518694868,59.4549002579,KBAY_GOPR0_2016_07_19_801_clip-7.mp4,-2.95019
"224",-151.516905859,59.4536286732,KBAY_GOPR0_2016_07_19_802_clip-8.mp4,-2.4078
"225",-151.527892652,59.4639207353,KBAY_GOPR0_2016_07_19_803_clip-9.mp4,-9.31231
"226",-151.524409287,59.4635099928,KBAY_GOPR0_2016_07_19_804_clip-10.mp4,-5.60035
"227",-151.531064222,59.4654461629,KBAY_GOPR0_2016_07_19_805_clip-11.mp4,-9.90687
"228",-151.536808759,59.4728149824,KBAY_GOPR0_2016_07_19_806_clip-12.mp4,-15.47851
"229",-151.542393147,59.477711416,KBAY_GOPR0_2016_07_19_807_clip-13.mp4,-26.79539
"230",-151.369017303,59.4957914131,KBAY_GOPR0_2016_07_19_808_clip-14.mp4,-84.96432
"231",-151.382459843,59.5049074078,KBAY_GOPR0_2016_07_19_809_clip-15.mp4,-26.64376
"232",-151.525936751,59.5920450235,KBAY_2016_07_14_GOPRO_920_clip-21.mp4,-19.64208
"233",-151.470054015,59.5886395634,KBAY_2016_07_14_GOPRO_921_clip-22.mp4,-26.06333
"234",-151.423874143,59.5558479212,KBAY_2016_07_14_GOPRO_922_clip-23.mp4,-25.18578
"235",-151.426776016,59.5569059669,KBAY_2016_07_14_GOPRO_923_clip-24.mp4,-37.47116
"236",-151.414066843,59.5976177428,KBAY_2016_07_14_GOPRO_924_clip-25.mp4,-28.53733
"237",-151.199803393,59.7197394975,KBAY_2016_07_16_GOPR0_950_clip-21.mp4,0
"238",-151.11506274,59.6995628763,KBAY_2016_07_16_GOPR0_951_clip-22.mp4,-14.90196
"239",-151.123314095,59.7007428232,KBAY_2016_07_16_GOPR0_952_clip-23.mp4,-53.81684
"240",-151.119857274,59.7016247826,KBAY_2016_07_16_GOPR0_953_clip-24.mp4,-48.63341
"241",-151.073607488,59.7307195463,KBAY_2016_07_17_960_clip-28.mp4,-17.6407
"242",-151.057990607,59.730034735,KBAY_2016_07_17_961_clip-29.mp4,-20.94463
"243",-151.051902065,59.7317606424,KBAY_2016_07_17_962_clip-30.mp4,-35.6894
"244",-151.03266664,59.7205098954,KBAY_2016_07_17_963_clip-31.mp4,-12.79964
"245",-151.047549612,59.7236969278,KBAY_2016_07_17_964_clip-32.mp4,-20.09056
"246",-151.039947098,59.7191930574,KBAY_2016_07_17_965_clip-33.mp4,-1.281
"247",-151.04739966,59.7233511139,KBAY_2016_07_17_966_clip-34.mp4,-6.28502
"248",-151.100685152,59.7117550386,KBAY_2016_07_17_967_clip-35.mp4,-44.74658
"249",-151.271906586,59.57999369,KBAY_2016_07_17_968_clip-36.mp4,-14.42065
"250",-151.271340161,59.5781673603,KBAY_2016_07_17_969_clip-37.mp4,-4.71253
"251",-151.470669732,59.4731564265,KBAY_2016_07_18_981_clip-5.mp4,-32.13468
"252",-151.438043836,59.4692300052,KBAY_2016_07_18_GOPR0_982_clip-22.mp4,-13.634
"253",-151.423375202,59.4570438235,KBAY_2016_07_18_GOPR0_984_clip-23.mp4,-139.54434
"254",-151.420950955,59.4534300977,KBAY_2016_07_18_GOPR0_985_clip-24.mp4,-63.97413
"255",-151.394141337,59.4503385793,KBAY_2016_07_18_986_clip-6.mp4,-38.93971
"256",-151.308055652,59.4196256824,KBAY_2016_07_18_GOPR0_987_clip-25.mp4,-1.14174
"257",-151.306691258,59.4193298838,KBAY_2016_07_18_GOPR0_988_clip-26.mp4,0
"258",-151.315431478,59.4239043909,KBAY_2016_07_18_GOPR0_989_clip-27.mp4,-43.39213
"259",-151.352008086,59.4683134701,KBAY_2016_07_18_GOPR0_990_clip-28.mp4,-1.36119
"260",-151.344386255,59.4754803771,KBAY_2016_07_18_GOPR0_991_clip-29.mp4,-15.89392
"261",-151.353016626,59.4859531988,KBAY_2016_07_18_GOPR0_992_clip-30.mp4,-7.49174
"262",-151.355592907,59.488613896,KBAY_2016_07_18_GOPR0_993_clip-31.mp4,-29.18265
"263",-151.861910444,59.3669327798,KBAY_2016_07_11_1000_clip-5.mp4,-9.2949
"264",-151.897465992,59.3765948252,KBAY_2016_07_11_1001_clip-6.mp4,-35.38019
"265",-151.378663769,59.5618280337,KBAY_2016_07_12_1002_clip-7.mp4,-25.98993
"266",-151.373869427,59.5683780529,KBAY_2016_07_12_1003_clip-8.mp4,-97.71268
"267",-151.450632104,59.529055072,KBAY_2016_07_12_1004_clip-9.mp4,-28.85072
"268",-151.462574249,59.513299217,KBAY_2016_07_12_1005_clip-10.mp4,-14.13333
"269",-151.570511648,59.5935439939,KBAY_2016_07_14_GOPRO_1010_clip-2.mp4,-26.70027
"270",-151.576015766,59.5909576435,KBAY_2016_07_14_GOPRO_1011_clip-3.mp4,-29.48625
"271",-151.488478379,59.508372516,KBAY_2017_07_17_GOPRO_188_clip_1.mp4,-77.50915
"272",-151.498558651,59.5119074496,KBAY_2017_07_17_GOPRO_189_clip_2.mp4,-18.19388
"273",-151.518953978,59.5158475056,KBAY_2017_07_17_GOPRO_190_clip_3.mp4,-43.77905
"274",-151.530072345,59.521248428,KBAY_2017_07_17_GOPRO_191_clip_4.mp4,-55.79085
"275",-151.310727469,59.4231270542,KBAY_2017_07_17_GOPRO_207_clip_5.mp4,-9.17627
"276",-151.320831771,59.4254647084,KBAY_2017_07_17_GOPRO_208_clip_6.mp4,-9.85421
"277",-151.328990528,59.4291595806,KBAY_2017_07_17_GOPRO_230_clip_7.mp4,-40.22009
"278",-151.330566304,59.4289900814,KBAY_2017_07_17_GOPRO_231_clip_8.mp4,-69.0178
"279",-151.329465819,59.430467791,KBAY_2017_07_17_GOPRO_232_clip_9.mp4,-7.43743
"280",-151.329077142,59.4314669265,KBAY_2017_07_17_SARTEK_233_clip_10.mp4,-1.88419
"281",-151.334983755,59.4269440236,KBAY_2017_07_17_GOPRO_214_clip_11.mp4,-54.77508
"282",-151.347272519,59.4296260781,KBAY_2017_07_17_GOPRO_213_clip_12.mp4,-56.30367
"283",-151.341317894,59.4336550327,KBAY_2017_07_17_GOPRO_210_clip_13.mp4,-76.01604
"284",-151.356470766,59.4397239454,KBAY_2017_07_17_GOPRO_211_clip_14.mp4,-14.03952
"285",-151.371010354,59.4435030233,KBAY_2017_07_17_GOPRO_209_clip_15.mp4,-5.41236
"286",-151.406088094,59.4572785306,KBAY_2017_07_17_GOPRO_222_clip_16.mp4,-51.4814
"287",-151.468434937,59.4717547527,KBAY_2017_07_17_GOPRO_217_clip_17.mp4,-8.61084
"288",-151.496694608,59.485780864,KBAY_2017_07_17_GOPRO_117_clip_18.mp4,-22.47281
"289",-151.50563261,59.4991429027,KBAY_2017_07_17_GOPRO_116_clip_19.mp4,-39.9796
"290",-151.359557007,59.4757059928,KBAY_2017_07_17_GOPRO_106_clip_20.mp4,-35.73454
"291",-151.355426641,59.4783606376,KBAY_2017_07_17_GOPRO_234_clip_21.mp4,-55.23449
"292",-151.363546414,59.4828619447,KBAY_2017_07_17_GOPRO_227_clip_22.mp4,-55.32132
"293",-151.358854261,59.4838859916,KBAY_2017_07_17_GOPRO_235_clip_23.mp4,-59.58443
"294",-151.347771429,59.4690277836,KBAY_2017_07_17_GOPRO_236_clip_24.mp4,-24.09654
"295",-151.348807088,59.4717965987,KBAY_2017_07_17_GOPRO_237_clip_25.mp4,-32.88832
"296",-151.349160884,59.4727956655,KBAY_2017_07_17_GOPRO_238_clip_26.mp4,-32.88832
"297",-151.358819448,59.4944895667,KBAY_2017_07_17_GOPRO_228_clip_27.mp4,-5.33618
"298",-151.367089591,59.5019043381,KBAY_2017_07_17_GOPRO_110_clip_28.mp4,-25.49995
"299",-151.37353838,59.5019741521,KBAY_2017_07_17_GOPRO_239_clip_29.mp4,-36.42923
"300",-151.394962575,59.5040195943,KBAY_2017_07_17_GOPRO_112_clip_30.mp4,-15.23795
"301",-151.409708653,59.5089406922,KBAY_2017_07_17_GOPRO_108_clip_31.mp4,-70.19752
"302",-151.432104144,59.5043444312,KBAY_2017_07_17_GOPRO_229_clip_32.mp4,-3.92406
"303",-151.432255925,59.5078987527,KBAY_2017_07_17_GOPRO_240_clip_33.mp4,-70.84116
"304",-151.559576053,59.4847959281,KBAY_2017_07_18_GOPRO_992_clip_1.mp4,-39.18313
"305",-151.564407371,59.4855443276,KBAY_2017_07_18_SARTEK_985_clip_2.mp4,-9.79172
"306",-151.56548806,59.4856990597,KBAY_2017_07_18_GOPRO_991_clip_3.mp4,-4.099
"307",-151.567593613,59.4867125434,KBAY_2017_07_18_GOPRO_988_clip_4.mp4,-6.44332
"308",-151.574955306,59.4895451175,KBAY_2017_07_18_GOPRO_981_clip_5.mp4,-54.02425
"309",-151.586920576,59.4878849928,KBAY_2017_07_18_GOPRO_3389_clip_6.mp4,-50.02015
"310",-151.604297502,59.4777656839,KBAY_2017_07_18_GOPRO_933_clip_7.mp4,-2.226
"311",-151.613585685,59.4790031969,KBAY_2017_07_18_GOPRO_843_clip_8.mp4,-5.05314
"312",-151.616134891,59.4793764526,KBAY_2017_07_18_GOPRO_3382_clip_9.mp4,-4.75619
"313",-151.623274434,59.4814145736,KBAY_2017_07_18_GOPRO_964_clip_10.mp4,-3.722
"314",-151.407870609,59.5997722167,KBAY_2017_07_19_GOPRO_176_clip_1.mp4,-17.03217
"315",-151.413691845,59.6370442731,KBAY_2017_07_19_GOPRO_242_clip_2.mp4,-5.49543
"316",-151.49947006,59.5307707188,KBAY_2017_07_19_GOPRO_243_clip_3.mp4,-5.7059
"317",-151.500824447,59.531635138,KBAY_2017_07_19_GOPRO_244_clip_4.mp4,-18.28278
"318",-151.503253198,59.5336263114,KBAY_2017_07_19_GOPRO_245_clip_5.mp4,-33.93265
"319",-151.507337088,59.5375548531,KBAY_2017_07_19_GOPRO_246_clip_6.mp4,-46.703
"320",-151.510272717,59.539567068,KBAY_2017_07_19_GOPRO_247_clip_7.mp4,-50.75175
"321",-151.513621653,59.5428681899,KBAY_2017_07_19_GOPRO_248_clip_8.mp4,-64.35437
"322",-151.515261337,59.5451441921,KBAY_2017_07_19_GOPRO_249_clip_9.mp4,-96.63435
"323",-151.598258111,59.4888830417,KBAY_2017_07_19_GOPRO_250_clip_10.mp4,-23.75522
"324",-151.601374581,59.4866794896,KBAY_2017_07_19_GOPRO_251_clip_11.mp4,-16.26702
"325",-151.604934518,59.4844889761,KBAY_2017_07_19_GOPRO_252_clip_12.mp4,-12.56911
"326",-151.608295583,59.4818702537,KBAY_2017_07_19_GOPRO_253_clip_13.mp4,-9.67196
"327",-151.594825753,59.4913207096,KBAY_2017_07_19_SARTEK_254_clip_14.mp4,-34.01172
"328",-151.592328942,59.4914975824,KBAY_2017_07_19_GOPRO_255_clip_15.mp4,-36.54826
"329",-151.962910616,59.3507881361,KBAY_2017_07_10_GOPRO_065_clip_1.mp4,-21.44913
"330",-151.953398844,59.3538910884,KBAY_2017_07_10_GOPRO_066_clip_2.mp4,-25.70872
"331",-151.951848829,59.3627840091,KBAY_2017_07_10_GOPRO_069_clip_3.mp4,-23.53435
"332",-151.944782344,59.3713887063,KBAY_2017_07_10_GOPRO_064_clip_4.mp4,-38.79298
"333",-151.934684619,59.3655436209,KBAY_2017_07_10_GOPRO_068_clip_5.mp4,-17.58144
"334",-151.931303384,59.361826644,KBAY_2017_07_10_GOPRO_067_clip_6.mp4,-9.12195
"335",-151.924455257,59.3677218756,KBAY_2017_07_10_GOPRO_070_clip_7.mp4,-24.68502
"336",-151.919647294,59.3731568346,KBAY_2017_07_10_GOPRO_072_clip_8.mp4,-32.01546
"337",-151.949741477,59.4276405914,KBAY_2017_07_10_SARTEK_063_clip_9.mp4,-48.08302
"338",-151.916470991,59.4172954253,KBAY_2017_07_10_GOPRO_084_clip_10.mp4,-36.75296
"339",-151.908372743,59.4175971129,KBAY_2017_07_10_GOPRO_060_clip_11.mp4,-24.96331
"340",-151.904829622,59.4176991148,KBAY_2017_07_10_GOPRO_097_clip_12.mp4,-22.58018
"341",-151.816323709,59.3586513626,KBAY_2017_07_10_GOPRO_079_clip_13.mp4,-12.34839
"342",-151.827554713,59.3610372786,KBAY_2017_07_10_GOPRO_080_clip_14.mp4,-24.73744
"343",-151.869428407,59.3682138334,KBAY_2017_07_10_SARTEK_076_pic_15.jpg,-39.27457
"344",-151.882392706,59.3637463577,KBAY_2017_07_10_SARTEK_078_pic_16.jpg,-30.5702
"345",-151.894733877,59.3635475323,KBAY_2017_07_10_GOPRO_077_clip_17.mp4,-28.73863
"346",-151.905763064,59.3722531678,KBAY_2017_07_10_GOPRO_071_clip_18.mp4,-31.76323
"347",-151.909817062,59.3724714883,KBAY_2017_07_10_GOPRO_075_clip_19.mp4,-35.65346
"348",-151.910113063,59.3746873386,KBAY_2017_07_10_GOPRO_074_clip_20.mp4,-34.71494
"349",-151.918862447,59.3786464355,KBAY_2017_07_10_GOPRO_073_clip_21.mp4,-29.29645
"350",-151.911873432,59.3836640044,KBAY_2017_07_10_GOPRO_081_clip_22.mp4,-32.39118
"351",-151.92986295,59.3929374969,KBAY_2017_07_10_GOPRO_091_clip_23.mp4,-40.59405
"352",-151.933035841,59.3929986535,KBAY_2017_07_10_GOPRO_090_clip_24.mp4,-39.42528
"353",-151.93622305,59.3933627212,KBAY_2017_07_10_GOPRO_092_clip_25.mp4,-40.16582
"354",-151.723793383,59.5184562928,KBAY_2017_07_10_SARTEK_102_pic_26.jpg,-117.45968
"355",-151.778831011,59.5301426415,KBAY_2017_07_10_SARTEK_103_pic_27.jpg,-68.19813
"356",-151.783912606,59.5485901049,KBAY_2017_07_10_GOPRO_187_clip_28.mp4,-61.5209
"357",-151.653892523,59.5512167434,KBAY_2017_07_10_GOPRO_010_clip_29.mp4,-80.38174
"358",-151.616111923,59.5556285524,KBAY_2017_07_10_GOPRO_009_clip_30.mp4,-85.58418
"359",-151.568697082,59.5622512406,KBAY_2017_07_10_GOPRO_008_clip_31.mp4,-99.04188
"360",-151.602763124,59.527788353,KBAY_2017_07_10_GOPRO_011_clip_32.mp4,-100.45106
"361",-151.828102092,59.6649639223,KBAY_2017_07_12_GOPRO_000_clip_1.mp4,-25.61945
"362",-151.772682871,59.6340131242,KBAY_2017_07_12_GOPRO_001_clip_2.mp4,-31.63794
"363",-151.748676607,59.6358530444,KBAY_2017_07_12_GOPRO_005_clip_3.mp4,-31.92014
"364",-151.74531313,59.6478117338,KBAY_2017_07_12_GOPRO_004_clip_4.mp4,-30.68501
"365",-151.714372936,59.596091722,KBAY_2017_07_12_GOPRO_002_clip_5.mp4,-35.37055
"366",-151.677591773,59.5929798897,KBAY_2017_07_12_GOPRO_144_clip_6.mp4,0
"367",-151.672439408,59.6104841175,KBAY_2017_07_12_GOPRO_003_clip_7.mp4,-29.55906
"368",-151.633083966,59.618089288,KBAY_2017_07_12_GOPRO_143_clip_8.mp4,-26.03125
"369",-151.577935355,59.5956167955,KBAY_2017_07_12_GOPRO_148_clip_9.mp4,-25.97932
"370",-151.57672977,59.5839581453,KBAY_2017_07_12_GOPRO_147_clip_10.mp4,-53.09143
"371",-151.532924578,59.6073078242,KBAY_2017_07_12_GOPRO_145_clip_11.mp4,-13.08777
"372",-151.510467208,59.598875862,KBAY_2017_07_12_GOPRO_146_clip_12.mp4,-10.91347
"373",-151.505590111,59.5409570888,KBAY_2017_07_12_SARTEK_710_clip_13.mp4,-45.70461
"374",-151.409654388,59.5948739624,KBAY_2017_07_12_GOPRO_140_clip_14.mp4,-52.27854
"375",-151.42439401,59.5866102048,KBAY_2017_07_12_GOPRO_141_clip_15.mp4,-82.71786
"376",-151.453471924,59.5686161774,KBAY_2017_07_12_GOPRO_142_pic_16.jpg,-130.23836
"377",-151.414405044,59.5560970128,KBAY_2017_07_12_GOPRO_178_clip_17.mp4,-16.33935
"378",-151.418715234,59.5554579713,KBAY_2017_07_12_GOPRO_177_clip_18.mp4,-10.19019
"379",-151.411795332,59.5504593099,KBAY_2017_07_12_GOPRO_180_clip_19.mp4,-7.69466
"380",-151.400679535,59.5523473698,KBAY_2017_07_12_GOPRO_179_clip_20.mp4,-8.57948
"381",-151.373022253,59.5554516547,KBAY_2017_07_12_GOPRO_181_pic_21.jpg,-5.52481
"382",-151.374487757,59.5578286586,KBAY_2017_07_12_GOPRO_119_clip_22.jpg,-5.40597
"383",-151.39112766,59.562044665,KBAY_2017_07_12_GOPRO_182_clip_23.mp4,-31.31771
"384",-151.394942738,59.5645873577,KBAY_2017_07_12_GOPRO_122_clip_24.mp4,-83.12375
"385",-151.461860829,59.5398967114,KBAY_2017_07_12_GOPRO_790_clip_25.mp4,-48.32655
"386",-151.46688859,59.5400794572,KBAY_2017_07_12_GOPRO_787_clip_26.mp4,-35.43589
"387",-151.445096168,59.5300120748,KBAY_2017_07_12_GOPRO_184_clip_27.mp4,-8.97265
"388",-151.464392839,59.5216175249,KBAY_2017_07_12_GOPRO_115_clip_28.mp4,-57.71902
"389",-151.471555493,59.519525529,KBAY_2017_07_12_GOPRO_114_clip_29.mp4,-40.6157
"390",-151.470273709,59.5070984894,KBAY_2017_07_12_GOPRO_3130_clip_30.mp4,-47.88901
"391",-151.315921918,59.6269265455,KBAY_2017_07_13_GOPRO_136_clip_1.mp4,-61.50518
"392",-151.310422799,59.6097123303,KBAY_2017_07_13_SARTEK_135_clip_2.mp4,-74.70105
"393",-151.280871857,59.5941239901,KBAY_2017_07_13_GOPRO_131_clip_3.mp4,-15.39245
"394",-151.281164928,59.5970384923,KBAY_2017_07_13_GOPRO_128_clip_4.mp4,-48.99055
"395",-151.277401645,59.5953234145,KBAY_2017_07_13_GOPRO_192_clip_5.mp4,-5.15408
"396",-151.254407632,59.6030793392,KBAY_2017_07_13_GOPRO_129_clip_6.mp4,-40.81644
"397",-151.256706281,59.6064499137,KBAY_2017_07_13_GOPRO_130_clip_7.mp4,-75.4799
"398",-151.246745923,59.5939608009,KBAY_2017_07_13_GOPRO_193_clip_8.mp4,-8.07515
"399",-151.257916731,59.5996723639,KBAY_2017_07_13_GOPRO_194_clip_9.mp4,-32.56337
"400",-151.233511421,59.6092646171,KBAY_2017_07_13_GOPRO_132_clip_10.mp4,-39.44774
"401",-151.207491117,59.6020385262,KBAY_2017_07_13_GOPRO_133_clip_11.mp4,-26.28937
"402",-151.199879986,59.6011835593,KBAY_2017_07_13_GOPRO_197_clip_12.mp4,-23.94308
"403",-151.180828108,59.5996020481,KBAY_2017_07_13_GOPRO_195_clip_13.mp4,-43.2696
"404",-151.167170378,59.5975573692,KBAY_2017_07_13_GOPRO_196_clip_14.mp4,-34.70999
"405",-151.173169537,59.5967877194,KBAY_2017_07_13_GOPRO_198_clip_15.mp4,-33.89511
"406",-151.204901703,59.6173574866,KBAY_2017_07_13_GOPRO_138_clip_16.mp4,-48.27457
"407",-151.207818424,59.6293080988,KBAY_2017_07_13_GOPRO_137_clip_17.mp4,-7.67086
"408",-151.205667084,59.6297923604,KBAY_2017_07_13_GOPRO_199_clip_18.mp4,-4.04285
"409",-151.210419224,59.6459481606,KBAY_2017_07_13_GOPRO_200_clip_19.mp4,-31.70781
"410",-151.20482148,59.6446085102,KBAY_2017_07_13_GOPRO_201_clip_20.mp4,-9.96777
"411",-151.202531683,59.6474059631,KBAY_2017_07_13_GOPRO_202_clip_21.mp4,-3.09522
"412",-151.19188181,59.6602736028,KBAY_2017_07_13_GOPRO_151_pic_22.jpg,-46.70555
"413",-151.213875041,59.6651124295,KBAY_2017_07_13_GOPRO_149_clip_23.mp4,-50.06193
"414",-151.268177018,59.6371552174,KBAY_2017_07_13_GOPRO_174_clip_24.mp4,-61.35508
"415",-151.276623338,59.6238374043,KBAY_2017_07_13_GOPRO_134_clip_25.mp4,-70.34951
"416",-151.051508485,59.7477084917,KBAY_2017_07_14_GOPRO_158_clip_1.mp4,-5.34845
"417",-151.052737216,59.7475047496,KBAY_2017_07_14_GOPRO_157_pic_2.jpg,-2.53399
"418",-151.055110038,59.7468520584,KBAY_2017_07_14_GOPRO_159_clip_3.mp4,-1.92328
"419",-151.054349525,59.7464227767,KBAY_2017_07_14_GOPRO_156_pic_4.jpg,-2.36648
"420",-151.052856605,59.7458291228,KBAY_2017_07_14_GOPRO_203_pic_5.jpg,-6.72761
"421",-151.05028858,59.7455962162,KBAY_2017_07_14_GOPRO_160_clip_6.mp4,-4.18505
"422",-151.052266931,59.7449932394,KBAY_2017_07_14_GOPRO_211_clip_7.mp4,-12.69102
"423",-151.051550508,59.7433732573,KBAY_2017_07_14_GOPRO_163_pic_8.jpg,-26.7317
"424",-151.048361228,59.7419945529,KBAY_2017_07_14_GOPRO_205_clip_9.mp4,-14.04231
"425",-151.0610036,59.74006275,KBAY_2017_07_14_GOPRO_162_clip_10.mp4,-27.63297
"426",-151.052665229,59.7370489117,KBAY_2017_07_14_GOPRO_164_clip_11.mp4,-35.30609
"427",-151.037027712,59.7256104234,KBAY_2017_07_14_GOPRO_166_clip_12.mp4,-17.83424
"428",-151.05546916,59.7230402236,KBAY_2017_07_14_GOPRO_168_clip_13.mp4,-19.79254
"429",-151.046923397,59.7273491744,KBAY_2017_07_14_GOPRO_169_clip_14.mp4,-21.12865
"430",-151.060528215,59.7294763657,KBAY_2017_07_14_GOPRO_167_clip_15.mp4,-7.24285
"431",-151.067978305,59.7331427911,KBAY_2017_07_14_GOPRO_176_clip_16.mp4,-43.39034
"432",-151.079602687,59.7404073761,KBAY_2017_07_14_GOPRO_161_pic_17.jpg,-32.3373
"433",-151.080749017,59.7325073837,KBAY_2017_07_14_GOPRO_165_clip_18.mp4,-46.76917
"434",-151.082164225,59.7273710759,KBAY_2017_07_14_GOPRO_063_clip_19.mp4,-52.67865
"435",-151.110095289,59.7211069294,KBAY_2017_07_14_GOPRO_170_clip_20.mp4,-57.61282
"436",-151.11228113,59.7090984403,KBAY_2017_07_14_GOPRO_014_clip_21.mp4,-64.11805
"437",-151.106294101,59.7054740597,KBAY_2017_07_14_GOPRO_207_clip_22.mp4,-1.83802
"438",-151.126443163,59.7035985419,KBAY_2017_07_14_GOPRO_171_clip_23.mp4,-62.4635
"439",-151.162210082,59.6956555768,KBAY_2017_07_14_GOPRO_172_clip_24.mp4,-50.13021
"440",-151.13609343,59.6838246371,KBAY_2017_07_14_GOPRO_154_clip_25.mp4,-39.36346
"441",-151.137943265,59.6774730786,KBAY_2017_07_14_GOPRO_155_clip_26.mp4,-40.91574
"442",-151.143740552,59.6701861045,KBAY_2017_07_14_GOPRO_153_clip_27.mp4,-19.85789
"443",-151.151100349,59.6698513971,KBAY_2017_07_14_GOPRO_152_clip_28.mp4,-35.17292
"444",-151.181790183,59.6656733895,KBAY_2017_07_14_GOPRO_150_clip_29.mp4,-46.55568
"445",-151.1968752,59.6780361971,KBAY_2017_07_14_GOPRO_173_clip_30.mp4,-50.94793
"446",-151.357010233,59.5821507955,KBAY_2017_07_14_GOPRO_124_clip_31.mp4,-103.40241
"447",-151.706940712,59.4143957742,KBAY_2017_07_15_GOPRO_043_clip_1.mp4,-6.05864
"448",-151.714646644,59.4163099561,KBAY_2017_07_15_GOPRO_045_clip_2.mp4,-7.23367
"449",-151.71561597,59.4196040475,KBAY_2017_07_15_GOPRO_046_clip_3.mp4,-6.03966
"450",-151.724723374,59.4208285994,KBAY_2017_07_15_GOPRO_042_clip_4.mp4,-10.35492
"451",-151.726638578,59.4225839341,KBAY_2017_07_15_GOPRO_041_clip_5.mp4,-13.80691
"452",-151.720324556,59.4243635217,KBAY_2017_07_15_GOPRO_044_clip_6.mp4,-12.77768
"453",-151.727378383,59.4286082636,KBAY_2017_07_15_GOPRO_052_clip_7.mp4,-17.48208
"454",-151.738384677,59.4325885836,KBAY_2017_07_15_GOPRO_051_clip_8.mp4,-6.82303
"455",-151.94776616,59.3903639595,KBAY_2017_07_15_GOPRO_061_pic_9.jpg,-41.67908
"456",-151.950231992,59.409589944,KBAY_2017_07_15_GOPRO_062_pic_10.jpg,-44.36745
"457",-151.929800953,59.4051526313,KBAY_2017_07_15_SARTEK_095_clip_11.mp4,-41.03083
"458",-151.925666619,59.4061172924,KBAY_2017_07_15_GOPRO_093_clip_12.mp4,-40.33229
"459",-151.922581679,59.4046416634,KBAY_2017_07_15_GOPRO_094_clip_13.mp4,-35.57914
"460",-151.919835079,59.4108115141,KBAY_2017_07_15_GOPRO_050_clip_14.mp4,-35.46091
"461",-151.909831134,59.4108432332,KBAY_2017_07_15_GOPRO_083_clip_15.mp4,-29.35295
"462",-151.901241066,59.4135402635,KBAY_2017_07_15_GOPRO_082_clip_16.mp4,-23.57943
"463",-151.909235932,59.4150961846,KBAY_2017_07_15_GOPRO_096_clip_17.mp4,-24.27977
"464",-151.817868627,59.4404621213,KBAY_2017_07_15_GOPRO_054_clip_18.mp4,-9.39534
"465",-151.814589307,59.4467206246,KBAY_2017_07_15_GOPRO_053_clip_19.mp4,-19.99762
"466",-151.804884124,59.4456976933,KBAY_2017_07_15_GOPRO_055_clip_20.mp4,-10.53053
"467",-151.809343503,59.4519261333,KBAY_2017_07_15_GOPRO_057_clip_21.mp4,-23.37241
"468",-151.778627995,59.4528569982,KBAY_2017_07_15_GOPRO_085_clip_22.mp4,-16.03255
"469",-151.760526972,59.4511742364,KBAY_2017_07_15_GOPRO_028_clip_23.mp4,-13.12756
"470",-151.755682992,59.4529757148,KBAY_2017_07_15_GOPRO_029_clip_24.mp4,-14.3231
"471",-151.750346295,59.4525720619,KBAY_2017_07_15_GOPRO_032_clip_25.mp4,-12.58335
"472",-151.747114338,59.4548296413,KBAY_2017_07_15_GOPRO_033_clip_26.mp4,-12.94162
"473",-151.751126982,59.4575563941,KBAY_2017_07_15_GOPRO_030_clip_27.mp4,-17.73717
"474",-151.739423773,59.4639055699,KBAY_2017_07_15_GOPRO_031_clip_28.mp4,-16.87313
"475",-151.731124396,59.4554750374,KBAY_2017_07_15_GOPRO_035_clip_29.mp4,-10.17428
"476",-151.726398435,59.4518110393,KBAY_2017_07_15_GOPRO_036_clip_30.mp4,-9.06376
"477",-151.720729106,59.4490229459,KBAY_2017_07_15_GOPRO_040_clip_31.mp4,-4.61208
"478",-151.722139719,59.4478403884,KBAY_2017_07_15_GOPRO_039_clip_32.mp4,-5.88626
"479",-151.728198912,59.4460574927,KBAY_2017_07_15_GOPRO_038_clip_33.mp4,-4.29212
"480",-151.729766103,59.4413597281,KBAY_2017_07_15_GOPRO_047_clip_34.mp4,-4.83235
"481",-151.721178232,59.4365474027,KBAY_2017_07_15_GOPRO_048_clip_35.mp4,-8.92351
"482",-151.718163106,59.4361325191,KBAY_2017_07_15_GOPRO_049_clip_36.mp4,-1.9235
"483",-151.721464548,59.4582519797,KBAY_2017_07_15_GOPRO_034_clip_37.mp4,-11.89432
"484",-151.542636456,59.4986710976,KBAY_2017_07_09_SARTEK_600_clip_1.mp4,-148.47864
"485",-151.699226303,59.5042607539,KBAY_2017_07_09_GOPRO_012_clip_2.mp4,-75.16074
"486",-151.697739958,59.4999806021,KBAY_2017_07_09_GOPRO_013_clip_3.mp4,-70.72975
"487",-151.757278014,59.5026184576,KBAY_2017_07_09_SARTEK_014_clip_4.mp4,-77.12893
"488",-151.754670542,59.4960743633,KBAY_2017_07_09_SARTEK_015_clip_5.mp4,-73.88595
"489",-151.75459603,59.4943763175,KBAY_2017_07_09_SARTEK_016_clip_6.mp4,-65.41824
"490",-151.754994336,59.4921231745,KBAY_2017_07_09_SARTEK_017_clip_7.mp4,-41.82258
"491",-151.751499179,59.4858447336,KBAY_2017_07_09_GOPRO_026_clip_8.mp4,-28.70372
"492",-151.796508902,59.4965928849,KBAY_2017_07_09_SARTEK_018_clip_9.mp4,-71.64304
"493",-151.795762521,59.4909267007,KBAY_2017_07_09_SARTEK_019_clip_10.mp4,-70.8081
"494",-151.854577905,59.4698871201,KBAY_2017_07_09_GOPRO_020_clip_11.mp4,-56.6329
"495",-151.855498959,59.4651742678,KBAY_2017_07_09_GOPRO_021_clip_12.mp4,-55.93655
"496",-151.879763796,59.4346701151,KBAY_2017_07_09_GOPRO_087_clip_13.mp4,-37.66942
"497",-151.875021437,59.4362101022,KBAY_2017_07_09_GOPRO_086_clip_14.mp4,-32.41763
"498",-151.873852256,59.4348147063,KBAY_2017_07_09_GOPRO_186_clip_15.mp4,-35.23846
"499",-151.863475525,59.4368756202,KBAY_2017_07_09_GOPRO_099_clip_16.mp4,-32.65126
"500",-151.862781622,59.4355036798,KBAY_2017_07_09_GOPRO_098_clip_17.mp4,-30.26451
"501",-151.856134922,59.4307338824,KBAY_2017_07_09_GOPRO_056_clip_18.mp4,-16.18155
"502",-151.84214038,59.4374345812,KBAY_2017_07_09_GOPRO_100_clip_19.mp4,-19.84359
"503",-151.838553194,59.4346838153,KBAY_2017_07_09_GOPRO_101_clip_20.mp4,-9.99729
"504",-151.866238207,59.4480977836,KBAY_2017_07_09_GOPRO_024_clip_21.mp4,-46.48203
"505",-151.878102372,59.4525019758,KBAY_2017_07_09_GOPRO_023_clip_22.mp4,-55.81079
"506",-151.881218928,59.4612697914,KBAY_2017_07_09_GOPRO_022_clip_23.mp4,-55.76146
"507",-151.838684528,59.4600782191,KBAY_2017_07_09_GOPRO_088_clip_24.mp4,-45.17355
"508",-151.82836615,59.4646733291,KBAY_2017_07_09_GOPRO_089_clip_25.mp4,-43.42136
"509",-151.801674953,59.468488199,KBAY_2017_07_09_GOPRO_025_clip_26.mp4,-36.37057
"510",-151.781456847,59.4618214901,KBAY_2017_07_09_GOPRO_027_clip_27.mp4,-24.48366
